epoch,loss_E,nSigmaMAE,nSigmaMAE_weighted,nlogE_MAE,nlogE_MAE_weighted,val_loss_E,val_nSigmaMAE,val_nSigmaMAE_weighted,val_nlogE_MAE,val_nlogE_MAE_weighted
0,563.0623168945312,0.5766024589538574,0.5766024589538574,0.6967157125473022,0.6967157125473022,3.034524917602539,0.4054432809352875,0.4054432809352875,0.575614869594574,0.575614869594574
1,1.2367362976074219,0.42994463443756104,0.42994463443756104,0.5777088403701782,0.5777088403701782,0.6160905361175537,0.45479899644851685,0.45479899644851685,0.5714935064315796,0.5714935064315796
2,0.4649735689163208,0.43160566687583923,0.43160566687583923,0.5686720013618469,0.5686720013618469,0.3607819378376007,0.4038652181625366,0.4038652181625366,0.5607460737228394,0.5607460737228394
