epoch,loss_E,nSigmaMAE,nSigmaMAE_weighted,nlogE_MAE,nlogE_MAE_weighted,val_loss_E,val_nSigmaMAE,val_nSigmaMAE_weighted,val_nlogE_MAE,val_nlogE_MAE_weighted
0,0.38163119554519653,0.45388007164001465,0.4191131293773651,0.5641109347343445,0.6044772267341614,0.17108824849128723,0.3850322961807251,0.3548290431499481,0.5255682468414307,0.5301072597503662
1,0.09063316136598587,0.3814987242221832,0.350928395986557,0.5121475458145142,0.5265692472457886,0.050715066492557526,0.36302173137664795,0.33121246099472046,0.49730026721954346,0.5074791312217712
2,0.0034129093401134014,0.3667287826538086,0.3364252746105194,0.49849289655685425,0.5103700160980225,-0.019097870215773582,0.3551868796348572,0.32261762022972107,0.4864562153816223,0.4936833083629608
