epoch,loss_E,nSigmaMAE,nSigmaMAE_weighted,nlogE_MAE,nlogE_MAE_weighted,val_loss_E,val_nSigmaMAE,val_nSigmaMAE_weighted,val_nlogE_MAE,val_nlogE_MAE_weighted
0,0.38163119554519653,0.45388007164001465,0.4191131293773651,0.5641109347343445,0.6044772267341614,0.17108824849128723,0.3850322961807251,0.3548290431499481,0.5255682468414307,0.5301072597503662
1,0.09063316136598587,0.3814987242221832,0.350928395986557,0.5121475458145142,0.5265692472457886,0.050715066492557526,0.36302173137664795,0.33121246099472046,0.49730026721954346,0.5074791312217712
2,0.0034129093401134014,0.3667287826538086,0.3364252746105194,0.49849289655685425,0.5103700160980225,-0.019097870215773582,0.3551868796348572,0.32261762022972107,0.4864562153816223,0.4936833083629608
3,-0.04160047322511673,0.35891395807266235,0.32905301451683044,0.492587149143219,0.5021639466285706,-0.05124608427286148,0.355366051197052,0.32026857137680054,0.4823087155818939,0.4856734871864319
4,-0.08930161595344543,0.3529934585094452,0.3226126432418823,0.4862087070941925,0.493573397397995,-0.07855498045682907,0.3506430983543396,0.3160785436630249,0.4801204800605774,0.4796345829963684
5,-0.11469800770282745,0.3501449227333069,0.31946271657943726,0.4827091097831726,0.4886198043823242,-0.09674499928951263,0.3439438045024872,0.3111047148704529,0.4750038981437683,0.477996826171875
