epoch,loss_E,nSigmaMAE,nSigmaMAE_weighted,nlogE_MAE,nlogE_MAE_weighted,val_loss_E,val_nSigmaMAE,val_nSigmaMAE_weighted,val_nlogE_MAE,val_nlogE_MAE_weighted
0,340.53424072265625,0.652764081954956,0.652764081954956,0.600999653339386,0.600999653339386,0.2311294823884964,0.37011033296585083,0.37011033296585083,0.5321770906448364,0.5321770906448364
1,0.08281273394823074,0.339052677154541,0.339052677154541,0.5219898819923401,0.5219898819923401,0.028307393193244934,0.3130539357662201,0.3130539357662201,0.5274208188056946,0.5274208188056946
